-- phpMyAdmin SQL Dump
-- version 5.0.2
-- https://www.phpmyadmin.net/
--
-- Хост: 127.0.0.1:3306
-- Время создания: Июл 02 2020 г., 09:44
-- Версия сервера: 8.0.19
-- Версия PHP: 7.4.5

SET SQL_MODE = "NO_AUTO_VALUE_ON_ZERO";
START TRANSACTION;
SET time_zone = "+00:00";


/*!40101 SET @OLD_CHARACTER_SET_CLIENT=@@CHARACTER_SET_CLIENT */;
/*!40101 SET @OLD_CHARACTER_SET_RESULTS=@@CHARACTER_SET_RESULTS */;
/*!40101 SET @OLD_COLLATION_CONNECTION=@@COLLATION_CONNECTION */;
/*!40101 SET NAMES utf8mb4 */;

--
-- База данных: `test_php`
--

-- --------------------------------------------------------

--
-- Структура таблицы `auth`
--

CREATE TABLE `auth` (
  `AId` int NOT NULL,
  `ALogin` varchar(255) DEFAULT NULL,
  `APassword` text
) ENGINE=InnoDB DEFAULT CHARSET=utf8;

--
-- Дамп данных таблицы `auth`
--

INSERT INTO `auth` (`AId`, `ALogin`, `APassword`) VALUES
(1, 'mr.panov97', 'ec6a6536ca304edf844d1d248a4f08dc'),
(2, 'test_admin', '897c8fde25c5cc5270cda61425eed3c8');

-- --------------------------------------------------------

--
-- Структура таблицы `classes`
--

CREATE TABLE `classes` (
  `CId` int NOT NULL,
  `CLevel` int DEFAULT NULL,
  `CLetter` varchar(2) DEFAULT NULL
) ENGINE=InnoDB DEFAULT CHARSET=utf8;

--
-- Дамп данных таблицы `classes`
--

INSERT INTO `classes` (`CId`, `CLevel`, `CLetter`) VALUES
(1, 1, 'А'),
(2, 1, 'Б'),
(3, 2, 'А'),
(4, 2, 'Б'),
(5, 3, 'А'),
(6, 3, 'Б'),
(7, 4, 'А'),
(8, 4, 'Б'),
(9, 5, 'А'),
(10, 5, 'Б'),
(11, 6, 'А'),
(12, 6, 'Б'),
(13, 7, 'А'),
(14, 7, 'Б'),
(15, 8, 'А'),
(16, 8, 'Б'),
(17, 9, 'А'),
(18, 9, 'Б'),
(19, 10, 'А'),
(20, 10, 'Б'),
(21, 11, 'А'),
(22, 11, 'Б');

-- --------------------------------------------------------

--
-- Структура таблицы `students`
--

CREATE TABLE `students` (
  `SId` int NOT NULL,
  `SLastName` tinytext,
  `SFirstName` tinytext,
  `SMidName` tinytext,
  `SBirthDate` date DEFAULT NULL,
  `CId` int NOT NULL
) ENGINE=InnoDB DEFAULT CHARSET=utf8;

--
-- Дамп данных таблицы `students`
--

INSERT INTO `students` (`SId`, `SLastName`, `SFirstName`, `SMidName`, `SBirthDate`, `CId`) VALUES
(1, 'Иванов', 'Владимир', 'Анатольевич', '2001-04-16', 21),
(3, 'Гарбузова', 'Ангелина', 'Николаевна', '2002-12-27', 21),
(4, 'Грядов', 'Иван', 'Антонович', '2002-10-20', 21),
(5, 'Кисейкин', 'Данил', 'Владимирович', '2002-02-25', 21),
(6, 'Кулиш', 'Ева', 'Евгеньевна', '2003-05-30', 21),
(7, 'Мартынов', 'Егор', 'Семёнович', '2003-07-27', 22),
(8, 'Осипов', 'Иван', 'Витальевич', '2002-11-07', 22),
(9, 'Остапенко', 'Александра', 'Денисовна', '2003-07-19', 22),
(10, 'Персиянова', 'Алина', 'Игоревна', '2002-09-08', 22),
(11, 'Стыценко', 'Артем', 'Денисович', '2003-08-01', 22),
(14, 'Ахметшин', 'Александр', 'Русланович', '2003-12-03', 20),
(15, 'Багдасарян', 'Наринэ', 'Ибрагимовна', '2004-01-23', 20),
(16, 'Боклаганич', 'Глеб', 'Артёмович', '2004-07-13', 20),
(17, 'Болгаров', 'Иван', 'Максимович', '2003-09-11', 20),
(18, 'Васильев', 'Максим', 'Андреевич', '2004-04-30', 20),
(21, 'Воробьёв', 'Кирилл', 'Николаевич', '2004-03-07', 19),
(22, 'Гридюшко', 'Алексей', 'Андреевич', '2004-09-30', 19),
(23, 'Евтихов', 'Владислав', 'Витальевич', '2004-09-29', 19),
(24, 'Кеминеев', 'Алым', 'Азатович', '2004-12-24', 19),
(25, 'Ковтун', 'Виктор', 'Антонович', '2003-05-07', 19),
(26, 'Магафурова', 'Аделина', 'Ринатовна', '2004-06-02', 19),
(27, 'Новикова', 'Полина', 'Станиславовна', '2005-08-28', 18),
(28, 'Палепина', 'Алена', 'Игоревна', '2005-01-30', 18),
(29, 'Савранский', 'Богдан', 'Степанович', '2005-07-15', 18),
(30, 'Стрелков', 'Владислав', 'Владиславович', '2005-10-02', 18),
(31, 'Титов', 'Иван', 'Анатольевич', '2005-03-22', 18),
(32, 'Чернова', 'Анастасия', 'Антоновна', '2005-08-28', 18),
(33, 'Шепель', 'Антон', 'Викторович', '2005-04-13', 17),
(34, 'Арефьев', 'Кирилл', 'Ильич', '2005-12-23', 17),
(35, 'Бочарина', 'Дарья', 'Сергеевна', '2005-09-09', 17),
(36, 'Горелова', 'Екатерина', 'Дмитриевна', '2005-02-08', 17),
(37, 'Волховицкая', 'Екатерина', 'Сергеевна', '2005-09-17', 17),
(38, 'Горелова', 'Екатерина', 'Дмитриевна', '2005-06-06', 17),
(39, 'Елагин', 'Дмитрий', 'Анатольевич', '2006-03-12', 16),
(40, 'Ефремова', 'Дарья', 'Владимировна', '2006-07-01', 16),
(44, 'Кеняйкина', 'Роза', 'Юрьевна', '2006-08-06', 16),
(45, 'Кунафина', 'Екатерина', 'Владимировна', '2006-07-20', 16),
(46, 'Лапшина', 'Дарья', 'Александровна', '2006-09-30', 16),
(47, 'Лашманова', 'Екатерина', 'Олеговна', '2006-12-05', 15),
(48, 'Липатникова', 'София', 'Денисовна', '2006-11-09', 15),
(49, 'Мишенина', 'Дарья', 'Евгеньевна', '2006-05-26', 15),
(50, 'Мустаев', 'Денис', 'Александрович', '2006-10-16', 15),
(51, 'Николаева', 'Анна', 'Олеговна', '2006-09-18', 15),
(52, 'Норков', 'Дмитрий', 'Артемович', '2006-07-02', 15),
(53, 'Ляшенко', 'Михаил', 'Сергеевич', '2007-08-02', 14),
(54, 'Петелина', 'Екатерина', 'Александровна', '2007-02-03', 14),
(55, 'Петелина', 'Екатерина', 'Александровна', '2007-08-09', 14),
(56, 'Петров', 'Захар', 'Андреевич', '2007-04-30', 14),
(57, 'Рыданов', 'Алексей', 'Геннадьевич', '2007-10-18', 14),
(58, 'Сироткина', 'Виктория', 'Владимировна', '2007-03-27', 14),
(61, 'Толстова', 'Ирина', 'Андреевна', '2007-07-18', 13),
(62, 'Черноусова', 'Елизавета', 'Петровна', '2007-08-16', 13),
(63, 'Нелюбина', 'Вероника', 'Денисовна', '2007-09-06', 13),
(64, 'Григорьев', 'Кирилл', 'Алексеевич', '2007-03-15', 13),
(65, 'Абдуназаров', 'Диербек', 'Худойназарович', '2007-12-04', 13),
(66, 'Абдыкаров', 'Нурэл', 'Нуртилекович', '2007-10-06', 13),
(67, 'Акулова', 'Мария', 'Юрьевна', '2008-04-07', 12),
(68, 'Бавра', 'Селена', 'Станиславовна', '2008-02-15', 12),
(69, 'Бадюля', 'Виктория', 'Алексеевна', '2008-04-01', 12),
(70, 'Безъязыков', 'Платон', 'Андреевич', '2008-05-11', 12),
(71, 'Белянина', 'Александра', 'Дмитриевна', '2008-10-26', 12),
(72, 'Борков', 'Боян', 'Дмитриевич', '2008-04-14', 12),
(73, 'Боровец', 'Григорий', 'Павлович', '2008-12-13', 11),
(74, 'Боченков', 'Владислав', 'Николаевич', '2008-08-17', 11),
(75, 'Бугакова', 'Ева', 'Матвеевна', '2008-11-24', 11),
(76, 'Бурнусов', 'Матвей', 'Михайлович', '2008-08-15', 11),
(77, 'Бутиков', 'Вадим', 'Григорьевич', '2008-02-17', 11),
(78, 'Бычкова', 'Алина', 'Максимовна', '2008-12-10', 11),
(79, 'Васильев', 'Дмитрий', 'Артемович', '2009-01-25', 10),
(80, 'Воронцова', 'Дарья', 'Александровна', '2009-03-19', 10),
(82, 'Герасимова', 'Елизавета', 'Васильевна', '2009-12-29', 10),
(83, 'Головацкий', 'Дмитрий', 'Васильевич', '2009-05-13', 10),
(84, 'Горленко', 'София', 'Владимировна', '2009-10-17', 10),
(85, 'Горюнова', 'Ирина', 'Павловна', '2009-05-27', 9),
(86, 'Гречанникова', 'Валерия', 'Артёмовна', '2009-12-11', 9),
(87, 'Гульков', 'Дмитрий', 'Васильевич', '2009-11-01', 9),
(88, 'Гуренко', 'Алиса', 'Витальевна', '2009-06-14', 9),
(89, 'Демин', 'Константин', 'Олегович', '2009-11-02', 9),
(90, 'Демин', 'Станислав', 'Сергеевич', '2009-02-05', 9),
(91, 'Дергунов', 'Глеб', 'Алексеевич', '2010-12-01', 8),
(92, 'Дмитриева', 'Анастасия', 'Владимировна', '2010-08-04', 8),
(93, 'Дягелева', 'Полина', 'Евгеньевна', '2010-08-19', 8),
(94, 'Евстафьев', 'Николай', 'Евгеньевич', '2010-01-14', 8),
(95, 'Евтухов', 'Ярослав', 'Юрьевич', '2010-10-17', 8),
(96, 'Егоров', 'Александр', 'Васильевич', '2010-01-18', 8),
(97, 'Ерошенко', 'Екатерина', 'Александровна', '2010-05-15', 7),
(98, 'Зинеев', 'Евгений', 'Геннадьевич', '2010-01-28', 7),
(99, 'Золотухин', 'Антон', 'Александрович', '2010-07-19', 7),
(100, 'Зубенко', 'Роман', 'Дмитриевич', '2010-10-01', 7),
(101, 'Иванова', 'Анастасия', 'Владимировна', '2010-03-22', 7),
(102, 'Исаченко', 'Дмитрий', 'Романович', '2010-11-14', 7),
(103, 'Федорова', 'Арина', 'Васильевна', '2011-12-29', 6),
(104, 'Тукабаева', 'Нурслу', 'Данияровна', '2011-09-11', 6),
(105, 'Абдулинова', 'Айсауле', 'Куантаевна', '2011-06-15', 6),
(106, 'Дорогина', 'Валерия', 'Валерьевна', '2011-11-20', 6),
(107, 'Калашникова', 'Галина', 'Петровна', '2011-04-02', 6),
(108, 'Куржукова', 'Альфия', 'Рафаэлевна', '2011-11-15', 6),
(109, 'Федотова', 'Ольга', 'Викторовна', '2011-04-05', 5),
(110, 'Прохорова', 'Светлана', 'Владимировна', '2011-07-06', 5),
(112, 'Перовская', 'Нина', 'Константиновна', '2011-08-02', 5),
(113, 'Ровинская', 'Людмила', 'Александровна', '2011-06-11', 5),
(114, 'Щетина', 'Виктория', 'Анатольевна', '2011-07-09', 5),
(115, 'Барлит', 'Дмитрий', 'Степанович', '2012-02-12', 4),
(117, 'Буша', 'София', 'Витальевна', '2012-07-23', 4),
(118, 'Галицкий', 'Владислав', 'Михайлович', '2012-05-18', 4),
(119, 'Деменко', 'Екатерина', 'Олеговна', '2012-11-25', 4),
(120, 'Дребезов', 'Николай', 'Геннадьевич', '2012-02-27', 4),
(121, 'Заикин', 'Савелий', 'Власович', '2012-06-24', 3),
(122, 'Зыбина', 'Анастасия', 'Егоровна', '2012-05-16', 3),
(123, 'Ким', 'София', 'Антоновна', '2012-11-22', 3),
(124, 'Кучеренко', 'Виктория', 'Сергеевна', '2012-12-12', 3),
(125, 'Ладыченко', 'Егор', 'Владимирович', '2012-08-28', 3),
(126, 'Ли', 'Екатерина', 'Семеновна', '2012-02-26', 3),
(127, 'Литвинов', 'Илья', 'Захарович', '2013-02-01', 2),
(128, 'Лишефаева', 'Диана', 'Валерьевна', '2013-07-15', 2),
(130, 'Митюк', 'Владислав', 'Артемович', '2013-08-29', 2),
(131, 'Назарова', 'Диана', 'Андреевна', '2013-06-08', 2),
(132, 'Панкова', 'Дарья', 'Ивановна', '2013-02-16', 2),
(133, 'Усов', 'Владислав', 'Алексеевич', '2013-05-16', 1),
(134, 'Скачко', 'Никита', 'Феофанович', '2013-11-10', 1),
(135, 'Романько', 'Владислав', 'Олегович', '2013-11-05', 1),
(140, 'Евдокимов', 'Алексей', 'Викторович', '2002-07-04', 21),
(143, 'Иванов', 'Денис', 'Михайлович', '2008-04-03', 11),
(144, 'Кириллов', 'Сергей', 'Степанович', '2002-08-16', 21),
(145, 'Симплитудов', 'Сергей', 'Сергеевич', '2014-11-12', 1),
(150, 'Иванов', 'Иван', 'Иванович', '2002-10-12', 13),
(154, 'Панов', 'Антон', 'Олегович', '1997-11-27', 22),
(156, 'Лившиц', 'София', 'Николаевна', '2011-03-11', 5);

--
-- Индексы сохранённых таблиц
--

--
-- Индексы таблицы `auth`
--
ALTER TABLE `auth`
  ADD PRIMARY KEY (`AId`);

--
-- Индексы таблицы `classes`
--
ALTER TABLE `classes`
  ADD PRIMARY KEY (`CId`);

--
-- Индексы таблицы `students`
--
ALTER TABLE `students`
  ADD PRIMARY KEY (`SId`);

--
-- AUTO_INCREMENT для сохранённых таблиц
--

--
-- AUTO_INCREMENT для таблицы `auth`
--
ALTER TABLE `auth`
  MODIFY `AId` int NOT NULL AUTO_INCREMENT, AUTO_INCREMENT=3;

--
-- AUTO_INCREMENT для таблицы `classes`
--
ALTER TABLE `classes`
  MODIFY `CId` int NOT NULL AUTO_INCREMENT, AUTO_INCREMENT=23;

--
-- AUTO_INCREMENT для таблицы `students`
--
ALTER TABLE `students`
  MODIFY `SId` int NOT NULL AUTO_INCREMENT, AUTO_INCREMENT=158;
COMMIT;

/*!40101 SET CHARACTER_SET_CLIENT=@OLD_CHARACTER_SET_CLIENT */;
/*!40101 SET CHARACTER_SET_RESULTS=@OLD_CHARACTER_SET_RESULTS */;
/*!40101 SET COLLATION_CONNECTION=@OLD_COLLATION_CONNECTION */;
